id,address,total_price,build_area,house_age,floor_height,objectbuild_url,surveyora,surveyorb,plusa,plusb,yfcase_id,created_at,updated_at,objectbuild_status,plusa_reason,plusb_reason,objectBuildDealYear,objectBuildDealMonth
1,板橋區四川路一段241~270號,9000000,17.79,49.00,3,"",,,,,1,2020-07-20 06:31:02.772971,2020-07-20 06:31:02.772971,自訂,,,,
18,七堵區泰安路2巷1~30號,3500000,25.21,,2/4,"",張浩文,,0.80,,9,2020-07-20 08:08:41.527304,2020-07-20 09:19:57.839929,自訂,"",,,
17,七堵區泰和街61~90號,3350000,28.36,29.00,3/4,"",,,,,9,2020-07-20 08:08:41.525758,2020-07-20 08:08:41.525758,自訂,,,,
14,南區國華街一段91~120號(108/07),4500000,29.09,47.90,2,https://evertrust.yungching.com.tw/map?q=&lat=22.6110190101813&lng=120.267889946231&d=0&t=&a=&c=,劉家彰,曾友和,0.30,0.35,7,2020-07-20 08:00:39.484563,2020-07-20 09:33:42.522096,自訂,更近市區,0.7 無尾巷、0.5 未辦保存登記,,
13,南區國華街一段61~90號(108/11),4880000,30.65,48.70,2,https://evertrust.yungching.com.tw/map?q=&lat=22.6110190101813&lng=120.267889946231&d=0&t=&a=&c=,劉家彰,曾友和,0.35,0.35,7,2020-07-20 08:00:39.482371,2020-07-20 09:34:08.331432,自訂,無尾巷2m巷寬未辦保存登記,0.7 無尾巷、0.5 未辦保存登記,,
2,板橋區忠孝路132巷1~30號,6850000,21.18,47.20,2/3,"",張浩文,曾友和,0.80,0.75,2,2020-07-20 06:42:40.685418,2020-07-20 09:49:34.451475,自訂,"","",,
3,板橋區忠孝路154巷31~60號,7000000,24.58,44.70,2/4,"",張浩文,曾友和,0.75,0.70,2,2020-07-20 06:42:40.687013,2020-07-20 09:49:40.087807,自訂,"","",,
32,中西區健康路一段151~180號 (109/06公寓),3880000,37.57,36.10,3/5,"",劉家彰,曾友和,0.98,1.10,18,2020-08-04 06:44:00.224959,2020-08-06 14:08:27.906687,自訂,頂樓加價,"",,
31,中西區健康路一段150巷1~30號 (108/09公寓),4380000,40.55,34.10,5/5,"",劉家彰,曾友和,1.05,1.10,18,2020-08-04 06:44:00.223098,2020-08-06 14:07:52.078874,自訂,去年價錢,"",,
35,健康路一段170巷1~30號(107/05),3300000,30.00,38.00,3/4,"",劉家彰,曾友和,1.15,1.10,18,2020-08-06 12:47:17.523576,2020-08-06 14:08:56.265151,自訂,漲價,"",,
36, 健康一段170巷1~30號(107/02),3950000,30.00,37.00,4/4,"",劉家彰,曾友和,1.10,0.95,18,2020-08-06 12:49:02.201571,2020-08-06 14:09:16.530942,自訂,漲價頂樓,"",,
25,白河區中正路121~150號,5180000,62.35,13.60,1/4,"",,,,,17,2020-07-20 08:33:47.68414,2020-09-02 02:52:33.811939,自訂,,,"",""
26,白河區中正路121~150號,5500000,62.57,14.10,1/4,"",,,,,17,2020-07-20 08:33:47.686365,2020-09-02 02:52:33.814364,自訂,,,"",""
22,安平區安平路370巷3弄1~30號,3400000,28.52,44.70,2/4,https://goo.gl/maps/psYVs2UkDkfvtdY96,劉家彰,曾友志,1.00,1.00,14,2020-07-20 08:22:32.917347,2020-09-03 01:07:21.512315,自訂,相類似物件 同在二樓無需加成,相類似物件,"",""
29,信義街44巷1~30號(106/12),5200000,58.44,24.00,全/4,"",劉家彰,曾友志,1.10,1.00,16,2020-08-04 03:46:00.399067,2020-09-10 02:53:57.29361,自訂,參考106年到100年間 房地產增值,1.1,"",""
16,板橋區懷德街66巷1~30號,12360000,32.45,48.30,2/5,"",張浩文,曾友和,0.60,0.60,8,2020-07-20 08:04:52.28515,2020-10-07 09:15:21.370024,自訂,"","","",""
15,板橋區仁化街64巷1~30號,8350000,23.55,46.30,2/3,"",張浩文,曾友和,0.65,0.60,8,2020-07-20 08:04:52.282747,2020-10-07 09:15:21.37201,自訂,"","","",""
4,武德街135巷1~30號,4250000,22.14,48.00,2,"",,,,,3,2020-07-20 06:51:10.255065,2021-03-14 13:01:53.531676,自訂,,,"",""
21,復興路1~30號,2680000,49.67,26.00,4,"",曾昱銓,,1.10,,11,2020-07-20 08:16:10.517844,2021-03-14 13:02:20.288169,自訂,實際坪數約80坪	,,"",""
51,大安里大安街241~270號	(242號),6300000,32.51,38.00,全/2(108/12),"",,,,,30,2020-08-25 10:34:58.549831,2021-04-13 17:06:26.37252,自訂,,,"",""
53, -大安街257巷1~30號(4號) 	 		 	,3500000,26.17,38.00,全/2,"",,,,,30,2020-08-25 10:41:41.157634,2021-04-13 17:06:26.377473,自訂,,,"",""
10,安南區安通路四段119巷27弄1~30號,6600000,34.66,38.00,透天,https://evertrust.yungching.com.tw/region/%E5%8F%B0%E5%8D%97%E5%B8%82/%E5%AE%89%E5%8D%97%E5%8D%80?kw=%E5%AE%89%E9%80%9A%E8%B7%AF%E5%9B%9B%E6%AE%B5,曾友和,曾昱銓,1.00,1.10,6,2020-07-20 07:55:42.562236,2021-04-13 17:07:50.61698,自訂,"","","",""
12,安通路四段119巷27弄1號（**仲介））,7000000,29.43,38.00,透天,"",曾友和,曾昱銓,0.90,1.00,6,2020-07-20 07:56:50.531189,2021-04-13 17:07:50.618614,仲介,"","","",""
8,東區前鋒路61~90號,4500000,32.00,37.00,6,https://evertrust.yungching.com.tw/map?q=&lat=22.6110190101813&lng=120.267889946231&d=0&t=&a=&c=,曾友和,曾昱銓,0.90,0.90,5,2020-07-20 07:51:48.207215,2021-04-13 17:11:19.520405,自訂,"","","",""
9,東區前鋒路61~90號,3200000,32.00,37.00,3,https://evertrust.yungching.com.tw/map?q=&lat=22.6110190101813&lng=120.267889946231&d=0&t=&a=&c=,曾友和,曾昱銓,1.15,1.10,5,2020-07-20 07:51:48.209019,2021-04-13 17:11:19.521905,自訂,"","","",""
19,板橋區懷德街78巷1~30號,6450000,19.46,45.00,4/4,"https://www.google.com.tw/maps/place/220%E6%96%B0%E5%8C%97%E5%B8%82%E6%9D%BF%E6%A9%8B%E5%8D%80%E6%87%B7%E5%BE%B7%E8%A1%9778%E5%B7%B71%E8%99%9F/@25.0315844,121.4782618,3a,75y,169.14h,89.6t/data=!3m7!1e1!3m5!1sXpaKTjjfXSQKPgCUvzx77A!2e0!6s%2F%2Fgeo2.ggpht.com%2Fcbk%3Fpanoid%3DXpaKTjjfXSQKPgCUvzx77A%26output%3Dthumbnail%26cb_client%3Dsearch.gws-prod.gps%26thumb%3D2%26w%3D86%26h%3D86%26yaw%3D182.28134%26pitch%3D0%26thumbfov%3D100!7i16384!8i8192!4m8!1m2!2m1!1z5p2_5qmL5Y2A5oe35b636KGXNzjlt7cxfjMw6Jmf!3m4!1s0x3442a845c3183079:0x7c82dda16d74a051!8m2!3d25.0314992!4d121.4782531",,,,,10,2020-07-20 08:12:54.69991,2021-04-14 04:38:27.770409,自訂,,,"",""
33, 復國二路16巷1~30號(108/05),6500000,39.72,31.00,2/2,https://lvr.land.moi.gov.tw/,劉家彰,曾友志,0.80,1.00,19,2020-08-04 07:04:24.309088,2021-06-30 04:49:59.433863,自訂,拍賣物含未辦保存登記面積32.27坪，實價登錄未含。,0.8,"",""
34,復國二路16巷1~30號(106/6),5600000,39.30,29.00,2/2,https://lvr.land.moi.gov.tw/,劉家彰,曾友志,0.80,1.00,19,2020-08-04 07:09:35.291878,2021-06-30 04:49:59.446147,自訂,拍賣物含未辦保存登記面積32.27坪，實價登錄未含。,0.8,"",""
5,金華路二段15巷1~30號,3000000,23.14,41.20,2/4,"",曾友和,劉家彰,1.10,1.10,4,2020-07-20 06:56:20.124651,2021-06-30 04:58:45.570859,自訂,"","","",""
6,金華路二段15巷1~30號,3000000,22.89,41.50,3/4,https://evertrust.yungching.com.tw/map?q=&lat=22.6110190101813&lng=120.267889946231&d=0&t=&a=&c=,曾友和,劉家彰,0.90,0.50,4,2020-07-20 06:56:20.127084,2021-06-30 04:58:45.572673,自訂,"","","",""
7,金華路二段21巷1~30號,2350000,22.89,41.00,4/4,"",曾友和,劉家彰,1.10,1.00,4,2020-07-20 06:56:20.129237,2021-06-30 04:58:45.574084,自訂,"","","",""
46,慶中街121~150號(128號),8000000,34.64,44.00,2,https://drive.google.com/drive/u/0/folders/1pjirqcgu2zxwIttOFt8L-hOALQpTEqdn,曾友和,劉家彰,1.20,1.23,28,2020-08-21 08:04:46.342904,2020-08-31 11:34:18.965242,自訂,(路寛+0.1、屋況+0、其他+0.1非無尾巷),5米巷+0.08、非無尾巷+0.1、近南門健康路+0.05,"",""
45,南門路241~270號,14200000,54.84,48.50,1/3,https://drive.google.com/drive/u/0/folders/1pjirqcgu2zxwIttOFt8L-hOALQpTEqdn,曾友和,劉家彰,0.80,0.88,28,2020-08-21 08:00:43.82247,2020-08-31 11:34:18.968713,自訂,	(路寛-0.1、屋況+0、店面-0.1非無尾巷),巷小-0.05、店面小巷-0.05、屋況差不多-0.02,"",""
57,北興街400巷8號,3200000,33.06,39.00,2/2,"",,,,,33,2020-09-02 06:48:45.618276,2020-09-02 06:48:45.618276,自訂,,,2020,4
58,北興街411巷13弄10號,3254700,35.19,31.00,2/2,"",,,,,33,2020-09-02 06:48:45.620682,2020-09-02 06:48:45.620682,自訂,,,2019,8
44,安南區怡安路一段481~510號,8580000,66.47,32.20,1/3,https://drive.google.com/folderview?id=1QX6gi-7A1zXACyYmRTHEizUJIE_kJhXN,曾友和,劉家彰,0.98,0.97,27,2020-08-21 07:42:19.279061,2020-08-31 16:53:46.703645,自訂,臨路條件相同 比較物件 附近雖較為熱鬧 但目標物件店面效益較佳,離黃昏市場較遠店面價值(-0.3)、路寬同、離台1-9主幹線較近(+0.1)、屋況舊一點點(-0.1),"",""
43,安南區修安街66巷1~30號,7000000,49.02,21.30,1/4,https://drive.google.com/folderview?id=1QX6gi-7A1zXACyYmRTHEizUJIE_kJhXN,曾友和,劉家彰,1.10,1.20,27,2020-08-21 07:42:19.272174,2020-08-31 16:53:46.706032,自訂,比較物件是社區不具店面效益,店面價值>住宅(+0.5)、屋況舊(-0.3),"",""
49,新化區中正路341巷1~30號(108/09),3900000,38.54,34.90,1/3,"",,,,,15,2020-08-21 08:52:34.39236,2020-09-01 02:13:43.481837,自訂,,,"",""
50,大同街31~60號(36) 109/4,5400000,57.05,36.00,3,"",,,,,15,2020-08-21 08:52:34.394354,2020-09-01 02:13:43.484137,自訂,,,"",""
23,安平區安平路370巷3弄1~30號	,3600000,28.17,,"",https://goo.gl/maps/psYVs2UkDkfvtdY96,劉家彰,曾友志,0.95,1.00,14,2020-07-20 08:22:32.91947,2020-09-03 01:07:21.51478,自訂,比較物件有頂樓增建,有頂樓,"",""
40,中正區臨沂街19巷1~10號,25430000,29.36,49.10,2/4,"",張浩文,曾友和,1.10,1.20,25,2020-08-13 16:59:59.574712,2020-09-05 09:30:03.212081,自訂,目標物件在一樓較值錢,目標物件在一樓可做商業使用,"",""
39,中正區臨沂街19巷11~20號,29800000,30.18,45.50,1/4,https://drive.google.com/folderview?id=1ET_sQNuBW8kNr9uPZZvx3VCqCm0LFM0M,張浩文,曾友和,0.96,0.98,25,2020-08-13 16:59:59.57209,2020-09-05 09:30:03.214061,自訂,目標物件感覺稍舊,目標物件看起來比較舊可能需要整修,"",""
41,萬華區環河南路二段125巷15弄1~10號,8000000,24.66,33.10,4/5,"",張浩文,曾友和,1.20,1.15,26,2020-08-13 17:27:28.661838,2020-09-05 09:40:26.700933,自訂,目標物件感覺舊，環境差,目標物件 環境 清幽 比較物件 有廟宇存在,"",""
42,萬華區雙園街152巷1~10號,6500000,20.26,43.90,3/4,https://drive.google.com/folderview?id=1ENmvh6RyXJmD-WNxJVzKRvVugsH6C3AW,張浩文,曾友和,1.00,1.15,26,2020-08-13 17:27:28.664158,2020-09-05 09:40:26.703136,自訂,"",比較物件 較為老舊 臨路寬度 相近,"",""
38,新莊區建中街16巷31~60號,10250000,32.27,43.30,2/4,"",張浩文,曾友和,1.00,0.98,24,2020-08-13 16:20:55.412287,2020-09-05 09:47:02.547876,自訂,"",目標物件 在同一社區中 稍嫌老舊,"",""
37,新莊區建中街1~30號,9500000,30.53,42.60,2/4,https://drive.google.com/folderview?id=1EQfSK5voJht9Pzoju8NEwKpHxkflYjgq,張浩文,曾友和,0.97,1.00,24,2020-08-13 16:20:55.405429,2020-09-05 09:47:02.550115,自訂,目標物件感覺稍舊，在巷內,比價屋物件 是 馬路邊的公寓， 目標是 巷口的物件,"",""
59,文賢路313巷12弄1~30號,8000000,61.75,30.00,2,https://drive.google.com/file/d/1GYUxIIkxCCAcLvX_wcyOBLFHUNPtwGle/view?usp=drivesdk,劉家彰,曾友和,0.78,0.58,32,2020-09-11 09:33:32.764024,2020-09-12 00:47:46.812334,自訂,屋況-0.05、增建-0.10、臨路-0.05	、聯外-0.02,屋況0.8、臨路0.85、連外0.85,2020,3
66,文賢路520巷33號,6000000,22.06,47.00,2,地30.97坪，建坪22.06坪？(地籍56坪),,,,,32,2020-09-18 13:12:00.646594,2020-09-18 13:16:18.410801,自訂,,,2019,6
67,光和31~60號,6200000,232.83,22.00,4,"",,,,,37,2020-09-22 04:15:17.736887,2020-09-22 04:15:17.736887,自訂,,,2020,5
68,中正里172號,740000,28.95,39.00,3,"",,,,,37,2020-09-22 04:18:19.300808,2020-09-22 04:18:19.300808,自訂,,,2020,1
63,文賢路242巷9弄61~90號,6320000,32.83,45.00,2,https://drive.google.com/file/d/1hLACQIAHO3QMhGu-MXdQLj6dCmKSvk8p/view?usp=drivesdk,劉家彰,曾友和,0.75,0.65,32,2020-09-11 09:39:11.377655,2020-09-12 00:51:11.184623,自訂,屋況-0.1、增建-0.05、臨路-0.05 、聯外-0.05,屋況0.8、臨路0.9、連外0.9,2020,5
64,瑞興街91~120號2F,7650000,26.05,47.00,2,"",曾昱銓,曾友志,1.20,1.00,36,2020-09-14 02:45:56.320666,2020-09-15 13:33:59.802022,自訂,增建9坪,如初勘意見,2018,11
55,嘉義市民生南路576巷31~60號,4060000,30.40,40.70,1/2,https://drive.google.com/file/d/1O4o-q0KU9wptxDgd0EevYlBNoRTsFsAk/view?usp=drivesdk,曾友和,劉家彰,1.33,1.21,31,2020-08-27 14:10:42.531239,2020-09-13 23:03:21.701359,自訂,0.1、0.10.15,心就加乘0.1林路加乘0.1主要道路一樣,"",""
65,文賢路520巷6號,5500000,45.77,42.00,2,"",,,,,32,2020-09-18 13:12:00.644301,2020-09-18 13:12:00.644301,自訂,,,2019,1
69,海佃路二段700巷23弄2號,8000000,61.54,12.00,4,"",,,,,39,2020-09-22 04:49:40.927743,2020-09-22 04:49:40.927743,自訂,,,2020,5
70,海佃路二段700巷2弄20號,12600000,66.68,12.00,4,"",,,,,39,2020-09-22 04:49:40.934316,2020-09-22 04:50:27.746136,自訂,,,2019,10
72,臺南市新巿區中山路104號,6800000,29.53,41.00,2,"",,,,,38,2020-09-22 05:23:59.573804,2020-09-22 05:23:59.573804,自訂,,,2019,9
74,拔林220-6號,2300000,24.96,40.00,2,"",,,,,40,2020-09-22 06:22:21.078054,2020-09-22 06:22:21.078054,自訂,,,2020,5
75,拔林211~240號,2500000,24.24,39.00,2,"",,,,,40,2020-09-22 06:22:21.079975,2020-09-22 06:22:21.079975,自訂,,,2020,6
96,嘉義市圓福街118巷48弄5號,2200000,20.96,47.00,2,https://drive.google.com/file/d/1rayAH7rkVLnn0zQ0ibt1PUT7476v7pNq/view,劉家彰,曾友和,0.95,0.90,53,2020-10-06 06:39:46.988067,2020-10-06 10:08:25.068745,自訂,屋況1.0、增建0.95、臨路 1.0、路寬1.0,屋況-0.1、臨路0、連況幹道0,2020,3
97,嘉義市圓福街118巷48弄36號,2000000,21.09,47.00,2,https://drive.google.com/file/d/1rayAH7rkVLnn0zQ0ibt1PUT7476v7pNq/view,劉家彰,曾友和,0.95,1.00,53,2020-10-06 08:42:44.295418,2020-10-06 10:09:15.430679,自訂,屋況1.0、增建0.95、臨路 1.0、路寬1.0,	屋況0、臨路0、連況幹道0,2020,1
73,臺南市新巿區中山路112號,4450000,28.84,41.00,2,"",,,,,38,2020-09-22 05:27:29.980272,2020-11-13 10:33:26.585285,自訂,,,2019,8
71,臺南市新巿區中山路138-1號,7200000,68.12,24.00,4,"",,,,,38,2020-09-22 05:23:59.545886,2020-11-13 10:36:09.102094,自訂,,,2019,2
122,新化區民生路314巷81號,3430000,28.99,41.10,"",https://drive.google.com/file/d/1PlsNqIej4id6A1fqrHjZkmTRHBX_fFfL/view?usp=sharing,,,,,70,2020-11-23 13:53:31.121161,2020-11-27 13:14:19.78002,自訂,,,2020,1
77,中華南路二段300巷30弄33號,6200000,44.27,33.00,3,https://drive.google.com/file/d/1hwikfVS9lSoNAlidmoiyc3Le4LgJ6ERt/view?usp=drivesdk,劉家彰,曾友和,0.85,0.86,42,2020-09-30 09:58:03.033622,2020-10-01 01:11:40.884602,自訂,0.85 增建3F～3.5F、臨路1.0、屋況1.0,增建還原0.86、新舊1.0、臨路寬1.0、連接幹到1.0,2019,12
76,金華路一段29巷8弄2號,5000000,46.88,33.00,3,https://drive.google.com/file/d/1vYpO_sE5fYuWxMTio4Z1NbjAh2jJPbGI/view?usp=drivesdk,劉家彰,曾友和,0.98,0.86,42,2020-09-30 09:58:03.024508,2020-10-01 01:14:27.837847,自訂,0.89增建、屋況1.0、臨路1.1,增建還原0.86、新舊1.0、臨路寬0.95、連接幹到1.05,2019,9
81,仁愛五街38-1號,6500000,51.30,25.00,4,"",,,,,35,2020-10-02 04:13:16.981778,2020-10-02 04:13:16.981778,自訂,,,2019,8
82,公明路204號,15679000,100.51,30.00,全/5,"",,,,,41,2020-10-02 11:37:53.259066,2020-10-02 11:37:53.259066,自訂,,,2019,9
83,公明路301~330號,23700000,130.57,50.00,全/4,"",,,,,41,2020-10-02 11:37:53.270437,2020-10-02 11:37:53.270437,自訂,,,2019,8
101, 仁和路109巷53號,6880000,21.33,47.00,全/2,https://drive.google.com/file/d/1Sr11OzS5M2tbJeYId4Wl-vZMFiD-13Vh/view?usp=drivesdk,曾友和,劉家彰,0.75,0.72,57,2020-10-14 14:38:13.499619,2020-10-17 02:22:52.515853,自訂,新舊屋況-0.25、臨路寬0、交通0,新舊0.8、臨路1.0、停車0.9、增建1.0,2020,4
85,旺萊路581巷14號(二等親),3200000,47.52,40.00,2,"",,,,,49,2020-10-02 12:21:11.102373,2020-10-02 12:28:22.73029,自訂,,,2019,12
86,北花里中正路113巷21號,4500000,68.59,30.00,3,"",,,,,49,2020-10-02 12:28:22.736228,2020-10-02 12:28:22.736228,自訂,,,2020,6
87,朝琴路126號,7800000,100.88,50.00,全/2,"",,,,,50,2020-10-02 12:44:59.432149,2020-10-02 12:46:58.221765,自訂,,,2019,5
88,新市區崙頂75-15號,5000000,47.88,25.00,3,"",,,,,38,2020-10-02 13:04:42.965992,2020-10-02 13:04:42.965992,自訂,,,2017,7
89,崙頂46-2號,4600000,59.03,24.00,3,"",,,,,38,2020-10-02 13:19:19.16935,2020-10-02 13:19:19.16935,自訂,,,2017,5
98,海安路二段302巷31~60號,5870000,11.76,0.00,1,https://drive.google.com/file/d/1Zs04njhen2kaiOKuIUUDGB96DXVjUJRt/view?usp=drivesdk,,,,,48,2020-10-08 14:50:51.087871,2020-10-08 23:30:44.52691,自訂,,,2020,4
100, 仁和路107巷74號,4610000,21.33,47.00,全/2,https://drive.google.com/file/d/1Suvi8GNBw6WDwl5cZkJTvdMtnkt-Qyvm/view?usp=drivesdk,曾友和,劉家彰,0.90,1.00,57,2020-10-14 14:38:13.497785,2020-10-17 02:22:52.51778,自訂,新舊屋況-0.9、臨路寬0、交通0,新舊1.0、臨路1.0、增建1.0,2020,6
80,海安路二段296巷11號,7750000,12.28,0.00,1,https://drive.google.com/file/d/1nBFMvMSmtcykodD774IA9FrHRmIhx11Z/view?usp=drivesdk,劉家彰,曾友和,0.76,0.70,48,2020-09-30 15:56:17.000283,2020-10-08 23:44:19.930295,自訂,屋況0.8、路寬1.0、臨路0.95,屋況-0.3、臨路0、、交通0,2020,7
84,社內28-31,5700000,29.51,40.00,全/2,https://drive.google.com/file/d/1xd7lHOrZh8UDoKIWclzxLuAZ2tBkUjV_/view?usp=drivesdk,劉家彰,曾友和,1.00,1.00,43,2020-10-02 12:09:53.039324,2020-10-05 02:03:12.587969,自訂,屋況1.0、臨路1.0、增建1.0,各細項狀況類似 故 不再分相加成,2019,9
91,社內22-6,5200000,29.04,36.00,2,https://drive.google.com/file/d/1xd7lHOrZh8UDoKIWclzxLuAZ2tBkUjV_/view?usp=drivesdk,劉家彰,曾友和,1.00,1.00,43,2020-10-02 14:04:56.631061,2020-10-05 02:03:12.593385,自訂,屋況臨路增建1.0,"",2017,2
92,大武路1~30號,3330000,21.80,37.00,2,"",,曾友志,,1.00,54,2020-10-05 05:55:26.079076,2020-10-05 07:22:48.301634,自訂,,照底標不加價,2019,11
93,民生南路576巷82號,4300000,33.03,43.00,2,"",,,,,55,2020-10-05 11:34:34.661038,2020-10-05 11:34:34.661038,自訂,,,2019,12
94,民生南路576巷8號,7380000,32.20,47.00,2,"",,,,,55,2020-10-05 11:44:46.625273,2020-10-05 11:44:46.625273,自訂,,,2019,12
95,民生南路590巷1號,4900000,30.50,45.00,2,"",,,,,55,2020-10-05 11:44:46.633076,2020-10-05 11:45:11.708508,自訂,,,2020,5
56,民生南路545巷17弄1~30號(21) 	  		 透天厝		,7700000,63.33,26.00,全/4,https://drive.google.com/file/d/1O1kOMQWiotKHknjkdG8tNMs650JjS8v_/view?usp=drivesdk,曾友和,劉家彰,1.32,1.26,31,2020-08-27 14:32:54.298926,2020-10-06 06:20:52.078841,自訂,星座不加成臨路寬度假存1.15聯外道路加成1.15,屋況 1.0、臨路 1.2 、路寬1.05,"",""
102,光華街119巷20號,640000,4.85,60.00,2,"",,,,,58,2020-10-16 15:15:09.141958,2020-10-16 15:15:09.141958,自訂,,,2020,3
112,福德路91~120號,290,40.21,25.00,3,"",曾昱銓,曾友志,1.20,1.00,64,2020-11-05 20:24:44.667993,2020-11-05 23:58:10.561747,自訂,"",依專案負責人所評,2018,3
106,芳安路17巷181~210號,1800000,20.53,44.00,2,"",,,,,61,2020-10-30 01:36:18.272682,2020-10-30 01:36:18.272682,自訂,,,2018,11
107,芳安路17巷181~210號,3280000,20.53,45.00,2,"",,,,,61,2020-10-30 01:36:18.279848,2020-10-30 01:36:18.279848,自訂,,,2020,3
108,新榮路35巷1~30號,8000000,64.73,16.00,6/14,"",,,,,62,2020-10-30 02:04:13.263341,2020-10-30 02:04:13.263341,自訂,,,2020,5
109,新榮路35巷1~30號,7300000,64.73,16.00,5/14,"",,,,,62,2020-10-30 02:04:13.267267,2020-10-30 02:04:13.267267,自訂,,,2020,5
114,信義路86巷20號,4760000,54.45,29.00,3,"",,,,,45,2020-11-13 10:23:20.019734,2020-11-13 10:23:20.019734,自訂,,,2020,6
113,仕豐路神農巷21弄1~30號,5600000,37.70,38.00,2,"",曾昱銓,曾友志,1.00,1.00,66,2020-11-13 05:12:06.519605,2020-11-13 10:53:00.596922,自訂,"",依原定,2019,9
111,公園路487巷35號,7100000,48.48,36.00,全/3,"",曾友和,劉家彰,1.00,1.20,63,2020-10-30 13:49:25.995464,2020-10-30 22:29:27.568081,自訂,"",新舊+0.2,2020,5
110,和緯路二段71巷11弄22號,3600000,25.89,50.00,全/2,"",曾友和,劉家彰,1.00,1.00,63,2020-10-30 13:49:25.992057,2020-10-30 22:29:49.116819,自訂,"","",2020,4
121, 三重區長安街24號 ,8050000,21.56,30.90,5/5,"",,,,,69,2020-11-21 09:48:17.496758,2020-11-21 10:00:08.801537,自訂,,,2020,7
115,開元路148巷101弄6號,6000000,23.50,50.00,2,"",劉家彰,曾友和,1.20,1.00,67,2020-11-20 12:08:04.021419,2020-11-20 23:46:11.654352,自訂,增建+0.2,屋況1.0、臨路1.0、交通動線1.0,2020,5
120,三重區中央北路71號轉長元街巷內第二間,9050000,25.85,45.00,4/4,"",,,,,69,2020-11-21 09:48:17.494507,2020-11-21 10:13:44.79256,自訂,,,2020,6
118,永二街300號,8200000,35.31,31.00,2,https://drive.google.com/file/d/1gPPCIePqBHPuNZpBAUHp3ywN1su7ZXxZ/view?usp=sharing,曾友和,張浩文,0.72,0.70,68,2020-11-20 13:15:29.737354,2020-11-21 09:09:30.682506,自訂,屋況-0.2增加（2變三）、新舊-0.1，、臨路+0、交通0,比較標的的三樓有增建 房屋較新,2020,7
123,民生路314巷117號 ,5800000,32.56,41.00,1/2,"",,,,,70,2020-11-23 13:53:31.123583,2020-11-23 13:55:00.40714,自訂,,,2020,3
124,友忠路805號,14000000,61.59,12.00,1/4,"",,,,,71,2020-11-23 14:30:24.417915,2020-11-23 14:30:24.417915,自訂,,,2020,2
125,友忠路762-1號,26600000,91.68,1.00,全/5,"",,,,,71,2020-11-23 14:30:24.425449,2020-11-23 14:30:24.425449,自訂,,,2020,9
128,麻豆區復興街1~30號 ,3200000,38.96,39.40,1/3,"",,,,,76,2020-11-25 15:12:49.974265,2020-11-25 15:12:49.974265,自訂,,,2020,2
129,麻豆區興中路55巷1~30號,3600000,38.38,36.20,1/3,"",,,,,76,2020-11-25 15:12:49.988127,2020-11-25 15:12:49.988127,自訂,,,2019,2
133,北港鎮文明路100巷1~30號 ,2750000,30.18,45.90,1/2,"",,,,,79,2020-11-27 14:05:17.812419,2020-11-27 14:05:17.812419,自訂,,,2019,2
132,大勇街139號,5600000,12.60,56.00,2,"",劉家彰,曾友和,0.70,0.70,73,2020-11-27 13:03:34.884938,2020-11-27 23:51:24.941768,自訂,參件坪數增建-0.2、屋況-0.05、路寬0、臨路-0.05,屋況增建還原0.7、臨路1、聯外1,2019,11
131,大勇街149號,3500000,19.70,58.00,2,"",劉家彰,曾友和,1.25,1.30,73,2020-11-27 12:44:21.206566,2020-11-27 23:44:03.003838,自訂,屋況+0.3、路寬0、臨路-0.05,屋況+0.30、臨路+0、聯外+0,2020,7
154,-海佃路三段48巷42弄24號 ,3650000,24.74,42.00,全/2,"",,,,,90,2020-12-12 15:03:58.619776,2020-12-12 15:03:58.619776,自訂,,,2019,11
155,海佃路三段48巷42弄1~30號,3100000,25.14,43.00,全/2,"",,,,,90,2020-12-12 15:05:54.405831,2020-12-12 15:05:54.405831,自訂,,,2020,4
103,林森路二段192巷131號,6750000,28.00,48.00,2,https://drive.google.com/file/d/1bFPlCVDF_a6uCBc4YBWDt3CXhyuIKZtu/view?usp=sharing,劉家彰,曾友和,0.80,0.80,60,2020-10-23 14:16:51.860758,2020-11-28 00:11:43.531719,自訂,增建-0.2,"屋況0.8,臨路1,聯外1",2020,1
134,東區東寧路296巷9號,7900000,28.93,46.90,1/2,"",劉家彰,曾友和,0.80,0.77,60,2020-11-27 14:26:19.76514,2020-11-28 00:14:18.409468,自訂,增建-0.2、屋況-0.05、臨路0、路寬+0.05,屋況0.7、臨路1.1、聯外1.0,2019,9
158,樹林區大安路241~270號 ,7200000,25.58,42.00,2/4,"",,,,,92,2020-12-15 14:56:01.476503,2020-12-15 14:56:01.476503,自訂,,,2020,7
138,板橋區中山路一段206巷61~90號 ,9120000,23.93,41.40,2/4,"",,,,,81,2020-12-02 14:00:50.342256,2020-12-02 14:00:50.342256,自訂,,,2019,12
139,板橋區中山路一段206巷91~120號,11000000,28.88,38.80,4/5,"",,,,,81,2020-12-02 14:00:50.345484,2020-12-02 14:00:50.345484,自訂,,,2019,9
159,樹林區樹德街136巷31~60號,7200000,20.12,43.80,2/4,"",,,,,92,2020-12-15 14:56:01.478849,2020-12-15 14:56:01.478849,自訂,,,2020,7
160,萬華區環河南路一段155巷1~5號,8850000,28.29,36.80,5/5,"",,,,,93,2020-12-15 16:36:46.500724,2020-12-15 16:36:46.500724,自訂,,,2020,2
161,萬華區西園路一段34巷21~25號 ,8980000,29.94,40.50,5/5,"",,,,,93,2020-12-15 16:36:46.502833,2020-12-15 16:36:46.502833,自訂,,,2019,4
126,大林鎮平林里32鄰信義街31~60號,2400000,30.64,27.60,4/5,https://drive.google.com/file/d/1o_t-c8JEhatA6kuPO9ATOCH94GssExNg/view?usp=sharing,曾友和,劉家彰,0.80,0.90,72,2020-11-24 13:58:46.656203,2020-12-23 14:38:33.865488,自訂,屋況1.0、臨路0.8、聯外交通1,增建1.0、路寬1.0、臨路雙邊活巷-0.9,2020,9
127,大林鎮信義街61~90號,3650000,40.64,27.30,4/5,https://drive.google.com/file/d/14INv53iwhmueBLcMrMy636AXRUZfCMFo/view?usp=sharing,曾友和,劉家彰,0.72,0.79,72,2020-11-24 13:58:46.658399,2020-12-23 14:38:33.869594,自訂,屋況0.90、臨路0.8、聯外交通1,新舊0.9、增建1.0、路寬1.0、臨路雙邊活巷停車欸-0.88,2020,6
141,蘆洲區正和街96巷31~60號 ,8150000,28.51,38.40,2/5,https://drive.google.com/file/d/1ojtLObQ-BzW7ude-6ZtAEYatWI4_RqL2/view?usp=sharing,曾友和,張浩文,0.85,0.80,83,2020-12-02 15:15:31.558945,2020-12-13 14:56:35.292793,自訂,屋況0.95、臨路0.95、聯外交通0.95,標的物位於無尾小巷內樓下宮廟出入口.巷道狹小,2019,9
142,蘆洲區正和街96巷31~60號 ,7250000,27.50,35.00,2/5,https://drive.google.com/file/d/1ojtLObQ-BzW7ude-6ZtAEYatWI4_RqL2/view?usp=sharing,曾友和,張浩文,0.85,0.80,83,2020-12-02 15:17:32.849796,2020-12-13 14:57:08.303787,自訂,屋況0.95、臨路0.95、聯外交通0.95,標的物位於無尾小巷內樓下宮廟出入口.巷道狹小,2019,10
153,板橋區漢生西路89巷2弄1~30號,8500000,24.93,48.80,2/3,https://drive.google.com/file/d/1orMa68QV9l2DjyvQywD3pxJzfsnWqi4v/view?usp=sharing,曾友和,張浩文,1.03,1.05,82,2020-12-11 15:09:53.193212,2020-12-13 15:08:23.701725,自訂,屋況1.0、臨路0.9、聯外交通1.15,交通動線較相對比較標的物佳.屋況相當,2020,9
152,板橋區漢生西路89巷3弄1~30號,8100000,19.97,48.60,2/3,https://drive.google.com/file/d/1orMa68QV9l2DjyvQywD3pxJzfsnWqi4v/view?usp=sharing,曾友和,張浩文,1.03,1.04,82,2020-12-11 15:06:52.630125,2020-12-13 15:08:54.353827,自訂,屋況1.0、臨路0.9、聯外交通1.15,交通動線較相對比較標的物佳.屋況相當,2020,7
150,裕農路288巷96弄25號		,7300000,22.82,46.00,全/2,https://drive.google.com/file/d/1E2WhR9bdqGGvWa8p59SxLg6DoXMwB3Al/view?usp=sharing,曾友和,劉家彰,0.68,0.72,91,2020-12-11 14:24:08.530374,2020-12-19 01:07:26.139209,自訂,屋況增建*2/2.5、臨路寬度0.85、聯外交通1.0,增建*2/2.5、路寬0.9、臨路1,2020,7
136,開元路148巷42或44號,3300000,22.50,36.00,2/4,https://drive.google.com/file/d/1h0CbSRmTdjjvxQDYqtP0elGROFZSpf9K/view?usp=sharing,曾友和,劉家彰,0.90,0.90,80,2020-12-01 05:26:46.000947,2020-12-06 09:27:19.149105,自訂,屋況樓層0.9、臨路1、聯外1,屋況-0.05、路寬0、樓層-0.05,2020,3
143,康定路150巷1弄1~30號,3200000,29.02,35.00,2,"",曾昱銓,曾友志,1.40,1.00,85,2020-12-06 08:50:49.490753,2020-12-06 10:25:49.626341,自訂,陽台及公設,不加成,2020,3
144,建國路一段299巷1~30號,2700000,28.59,33.00,5,"",曾昱銓,曾友志,1.45,1.00,86,2020-12-06 09:04:52.475385,2020-12-06 10:27:02.060539,自訂,陽台及公設,不加成,2020,4
145,甲南里忠孝街15鄰109巷1號,3000000,51.16,29.00,全/3,"",,,,,87,2020-12-07 14:44:26.936861,2020-12-07 14:44:26.936861,自訂,,,2020,3
146,中正區中華路二段376~380號,13500000,27.32,49.40,4/5,"",,,,,88,2020-12-07 15:50:42.39501,2020-12-07 15:50:42.39501,自訂,,,2019,8
147,萬華區中華路二段336~340號,4200000,7.91,51.90,4/5,"",,,,,88,2020-12-07 15:50:42.397271,2020-12-07 15:50:42.397271,自訂,,,2020,6
148,文山區景福街121~125號,15150000,34.50,38.60,2/5,"",,,,,89,2020-12-07 16:40:33.721999,2020-12-07 16:40:33.721999,自訂,,,2019,4
149,文山區景福街131~140號,12200000,30.02,38.90,3/5,"",,,,,89,2020-12-07 16:42:40.971927,2020-12-07 16:42:40.971927,自訂,,,2019,8
156,健康路一段391巷4號	,7100000,48.48,39.00,全/4,https://drive.google.com/file/d/1feZMrWYynQ1EYalg2MuRCo4amnxz55jt/view?usp=sharing,劉家彰,曾友和,0.98,0.98,59,2020-12-15 14:31:31.905588,2020-12-19 00:40:52.149196,自訂,增建*4/4.5、路寬1.1、聯外交通1,屋況增建*0.4/0.45、臨路寬度1.1、聯外交通1.0,2019,4
151,裕農路288巷70弄37號	,7100000,24.42,44.00,全/2,https://drive.google.com/file/d/1QaqRxO73yNOD_-PXSk9_IyhF5fTkzQCz/view?usp=sharing,曾友和,劉家彰,0.68,0.74,91,2020-12-11 14:28:44.949042,2020-12-19 01:10:51.060337,自訂,屋況增建*2/2.5、臨路寬度0.85、聯外交通1.0,增建*2/2.5、路寬單邊內縮可停0.92、臨路1.0,2020,7
162,竹子腳1-7號,2400000,55.08,24.00,3,"",,,,,78,2020-12-22 00:54:07.327768,2020-12-22 00:54:07.327768,自訂,,,2020,6
163,竹子腳95-10號,8390000,41.11,40.00,1,"",,,,,78,2020-12-22 00:57:28.840727,2020-12-22 00:57:28.840727,自訂,,,2019,5
157,健康路二段53巷4號,6660000,26.11,50.00,全/2,https://drive.google.com/file/d/1BF_N4-XWxP8-1Yt6HJnx1RarUu5GihMK/view?usp=sharing,劉家彰,曾友和,0.97,0.88,59,2020-12-15 14:31:31.920065,2020-12-19 00:47:43.233641,自訂,增建*2/2.5、路寬單邊停車1.1、臨路單一出入巷1.1,屋況增建*2/2.5、臨路寬度1.1、聯外交通1.0,2020,4
164,保安路57巷1~30號 109/7	  		 透天厝		,7200000,17.34,,全/1,"",,,,,12,2020-12-25 14:17:30.647928,2020-12-25 14:17:30.647928,自訂,,,2020,7
165,西門路一段761巷1~30號,4000000,14.15,108.00,全/1,"",,,,,12,2020-12-25 14:17:30.665596,2020-12-25 14:17:30.665596,自訂,,,2019,3
166,大德街105號,8400000,18.30,57.00,全/1,"",,,,,12,2020-12-25 14:21:08.908866,2020-12-25 14:21:08.908866,自訂,,,2020,10
167,新港鄉宮後村22鄰中正路152-7號,2700000,38.68,39.00,3,"",,,,,99,2020-12-31 03:21:09.153599,2020-12-31 03:21:09.153599,自訂,,,2020,2
168,古民村古民137-1號,1600000,39.90,45.00,2,"",,,,,99,2020-12-31 03:24:39.010091,2020-12-31 03:24:39.010091,自訂,,,2020,6
171,長勝北街170~178號 	,6110000,23.47,51.00,全/2,"",曾友和,劉家彰,0.64,0.65,100,2021-01-01 10:18:15.00906,2021-01-02 01:19:26.855666,自訂,屋況0.8（2.5/2： 兩層樓增建為3層）、臨路0.9（ 無法同行汽車）、聯外交通0.9,增建0.8、路寬無法停汽車0.9、臨路無尾巷0.9,2020,9
169,長榮路五段175巷7號(或9號)	,4000000,20.41,48.00,全/2,https://drive.google.com/file/d/1NYbNcyVcqHAfu4HNHwZN5ObzA7fCwGfQ/view?usp=sharing,曾友和,劉家彰,1.20,1.19,100,2021-01-01 10:10:09.822631,2021-01-02 01:26:31.627856,自訂,屋況1、臨路1、聯外交通1、 1.2南鐵確定東一工程開工,屋況增建0.9、路寬1.0、臨路無尾巷1.1、增值空間南鐵東移1.2,2019,10
170,長榮路五段102巷1號 (或3號)	,4350000,24.84,48.00,全/2,"",曾友和,劉家彰,1.20,1.15,100,2021-01-01 10:15:22.879275,2021-01-02 01:31:46.29339,自訂,屋況1、臨路1、聯外交通1、 1.2南鐵確定東移工程開工,屋況增建0.95、路寬1.0、臨路1.0、增值空間1.2,2019,9
192,建中街4鄰72巷13號,3980000,23.81,48.00,全/2,"",,,,,116,2021-02-09 11:24:12.958456,2021-02-09 11:24:35.74733,自訂,,,2020,3
172,忠義八巷31~60號,6500000,21.52,41.00,2,"",曾昱銓,曾友志,0.70,1.00,101,2021-01-05 09:56:28.67481,2021-01-05 11:25:09.12763,自訂,"",依分區專案評估,2020,5
173,北投區中央北路四段456巷5弄1~5號 ,9500000,30.13,38.50,3/4,"",,,,,98,2021-01-08 08:03:01.996497,2021-01-08 08:03:01.996497,自訂,,,2019,10
174,北投區中央北路四段456巷1~5號 ,7900000,22.88,32.40,3/5,"",,,,,98,2021-01-08 08:03:02.000398,2021-01-08 08:03:02.000398,自訂,,,2020,7
175,  松山區寶清街101~105號 ,11380000,23.82,41.90,5/5,"",,,,,94,2021-01-08 08:29:11.813137,2021-01-08 08:29:11.813137,自訂,,,2019,3
176, 松山區南京東路五段389巷5弄11~15號,9310000,21.47,37.50,5/5,"",,,,,94,2021-01-08 08:29:11.815985,2021-01-08 08:29:11.815985,自訂,,,2019,6
177, 南京東路五段389巷11弄6號,11800000,20.08,27.00,4/5,"",,,,,94,2021-01-08 09:01:53.723307,2021-01-08 09:01:53.723307,自訂,,,2020,4
178,汐止區大同路二段312巷16弄31~60號 ,8800000,29.42,32.80,4/5,"",,,,,104,2021-01-12 14:55:26.049651,2021-01-12 14:55:26.049651,自訂,,,2020,10
179,汐止區大同路二段312巷16弄31~60號,8700000,32.46,31.50,4/5,"",,,,,104,2021-01-12 14:55:26.052458,2021-01-12 14:55:26.052458,自訂,,,2019,7
180,南港區興華路76巷1~10號,15800000,32.30,40.60,3/4,"",,,,,106,2021-01-12 16:36:54.562628,2021-01-12 16:36:54.562628,自訂,,,2020,7
181,南港區東明街78巷1~5號,14000000,27.34,50.00,3/4,"",,,,,106,2021-01-12 16:36:54.580483,2021-01-12 16:36:54.580483,自訂,,,2019,9
193,建中街68號,3900000,35.17,39.00,全/3,"",,,,,116,2021-02-09 11:24:12.963831,2021-04-20 06:12:50.681216,自訂,,,2020,6
205,宮後街13號,14020000,57.41,,2,https://drive.google.com/file/d/14I2VTi0Uu-fe3EyIU685HP3kBvBgcbZ3/view?usp=sharing,劉家彰,曾友和,0.95,1.10,121,2021-03-05 15:37:11.110059,2021-03-08 12:41:43.333794,自訂,屋況0.95、路寬1.0、聯外交通1.0,屋況+0、臨路+0、聯外交通+0.1,2020,8
199,五妃街203-2號,6000000,40.94,38.00,3/5,"",劉家彰,曾友和,1.20,1.20,119,2021-02-27 00:27:10.153364,2021-02-27 00:36:59.751393,自訂,屋況1.0、臨路1.0、路寬1.0、漲勢1.2,屋況1.0、路寬1.0、 聯外交通1.0、其他1.2（1年內區域升值）,"",""
200,府緯街67號,15000000,52.16,33.00,2,"",,,,,120,2021-03-03 01:01:58.790707,2021-03-03 01:01:58.790707,自訂,,,2020,4
195,信義街75號,5200000,27.11,51.00,全/2,"",曾友和,劉家彰,1.01,0.88,114,2021-02-09 11:55:22.392271,2021-02-10 01:09:32.798915,自訂,0.7增建屋況、1.2臨路、聯外1.2,屋況增建0.8、路寬1.0、臨路1.1,2019,5
201,西門路一段438號,25250000,45.47,52.20,2,"",,,,,120,2021-03-03 01:01:58.794688,2021-03-03 01:01:58.794688,自訂,,,2020,9
196,臨安路一段212巷23號		,4270000,36.40,50.00,全/2,"",曾友和,劉家彰,1.08,1.19,114,2021-02-09 12:00:24.802872,2021-02-10 01:12:37.002887,自訂,0.7增建屋況、1.4臨路、聯外1.1,屋況增建0.9、路寬1.1、臨路1.2,2019,3
183,和誠街61~90號,5200000,26.90,47.00,2,"",曾昱銓,曾友志,0.42,1.00,109,2021-01-15 14:37:58.836374,2021-01-15 15:10:39.225927,自訂,"",依專案負責人評估不加成,2019,9
182,蓬萊121~150號,5300000,36.43,38.00,2,"",曾昱銓,曾友志,0.62,1.00,108,2021-01-15 14:26:57.502575,2021-01-15 15:11:50.037103,自訂,"",依專案負責人評估不加成,2020,4
185,鹽埔鄉中正路1~30號,1000000,36.94,47.00,2,"",曾昱銓,,3.00,,111,2021-01-18 08:52:38.728202,2021-01-18 08:56:14.391679,自訂,"",,2019,4
186,安中路一段189巷63弄20號,3500000,24.78,43.00,2,"",,,,,112,2021-01-18 12:02:42.727073,2021-01-18 12:02:42.727073,自訂,,,2020,2
187,汐止區忠孝東路241~270號,7200000,25.55,33.90,2/5,"",,,,,96,2021-01-18 14:34:47.931014,2021-01-18 14:34:47.931014,自訂,,,2019,4
188,汐止區忠孝東路258巷1~30號 ,7600000,26.26,45.90,2/3,"",,,,,96,2021-01-18 14:34:47.934997,2021-01-18 14:34:47.934997,自訂,,,2019,11
189,汐止區大同路二段312巷16弄31~60號,8800000,29.42,32.80,4/5,"",,,,,95,2021-01-18 14:54:19.214806,2021-01-18 14:54:19.214806,自訂,,,2020,10
190,汐止區大同路二段312巷16弄1~30號,9000000,32.66,31.60,3/5,"",,,,,95,2021-01-18 14:54:19.217781,2021-01-18 14:54:19.217781,自訂,,,2019,8
184,長榮街14巷1~30號,2000000,31.46,51.00,2,"",曾昱銓,曾友志,1.20,1.00,110,2021-01-18 08:45:37.510181,2021-01-28 12:49:09.350446,自訂,"",依評估不加成,2019,12
202,大同路一段70巷15號4F,2780000,25.56,39.00,4/5,"",,,,,123,2021-03-05 15:16:12.68293,2021-03-05 15:16:12.68293,自訂,,,2020,11
203,大同路一段70巷13號3F,3360000,30.41,35.00,3/5,"",,,,,123,2021-03-05 15:16:12.684863,2021-03-05 15:16:12.684863,自訂,,,2020,6
197,九如一路871~900號,3000000,20.83,41.00,5,"",曾昱銓,曾友志,1.00,1.00,117,2021-02-19 14:43:42.270427,2021-02-20 02:29:15.572981,自訂,"",依專案人員評估,2020,3
198,金潭路279巷11弄1~30號,2800000,24.56,39.00,2,"",曾昱銓,曾友志,0.90,1.00,118,2021-02-19 14:51:43.298533,2021-02-20 02:31:48.597306,自訂,"",依專案人員評估,2020,10
206,北門路二段576巷9號4樓,6680000,49.67,17.00,4/10,"",,,,,124,2021-03-05 16:00:52.703724,2021-03-05 16:00:52.703724,自訂,,,2020,6
207,北門路二段576巷9號8樓,6800000,40.64,17.00,8/11,"",,,,,124,2021-03-05 16:00:52.708736,2021-03-05 16:00:52.708736,自訂,,,2020,8
204,西門路二段300巷1號,17500000,73.50,0.00,4,https://drive.google.com/file/d/1VZwfsxTlmv-0QOX-5Zrr2ztNYqxokK4Y/view?usp=sharing,劉家彰,曾友和,0.93,1.00,121,2021-03-05 15:32:59.462153,2021-03-08 12:41:43.336493,自訂,屋況0.95、路寬1.0、聯外交通0.98,屋況+0、臨路+0、聯外交通+0,2020,11
191,仁德區德善一街27巷18號,5500000,32.46,35.20,1/2,https://drive.google.com/drive/folders/12Wh4eeby8SQ0Cne9ADOHrHd1vLo4e54N?usp=sharing,劉家彰,曾友和,0.90,0.85,115,2021-02-07 14:54:24.680569,2021-03-13 03:50:18.440636,自訂,屋況1.0、增建1.0、路寬1.0、臨路0.9,屋況0.8（2增3）再加0.1、臨路1、臨外交通0.95,2019,5
208,安南區郡安路三段250巷2弄20號,6380000,29.34,39.70,1/2,https://drive.google.com/file/d/1X6v3H4TedS6VX5B0zB6uALgeSB0rIiCA/view?usp=drivesdk,劉家彰,曾友和,0.85,0.72,122,2021-03-09 13:57:37.996244,2021-03-15 10:51:32.987797,自訂,	屋況0.85、、路寬1.0、臨路1.0,屋況0.8、臨路0.9、聯外交通1,2020,10
194,後壁里民安路二段138巷9號,7380000,55.12,27.00,全/4,https://drive.google.com/drive/folders/12Wh4eeby8SQ0Cne9ADOHrHd1vLo4e54N?usp=sharing,劉家彰,曾友和,1.05,1.10,115,2021-02-09 11:39:34.616514,2021-03-13 03:50:18.445118,自訂,屋況0.95、增建1.0、路寬1.0、臨路1.1（無尾巷）,屋況1、臨路1、臨外交通1.1,2020,1
227,護安街73號,8200000,72.39,43.00,全/3,"",,,,,136,2021-03-26 10:21:51.323499,2021-03-26 10:21:51.323499,自訂,,,2020,5
209,安南區郡安路三段236巷17弄13號,6300000,31.28,40.00,1/2,https://drive.google.com/file/d/1WPqk2k0tBY59kAk2T-_ljANAWdyjgXHM/view?usp=drivesdk,劉家彰,曾友和,0.88,0.72,122,2021-03-09 13:57:38.000473,2021-03-15 10:51:32.98476,自訂,	屋況0.8、、增建1.1、路寬1.0、臨路1.0,屋況0.85、臨路0.85、聯外交通1,2020,2
228,建國街51號 108/7	 ,4500000,32.30,34.00,全/2,"",,,,,136,2021-03-26 10:21:51.324896,2021-03-26 10:21:51.324896,自訂,,,2019,7
229,大同區重慶北路三段9巷31~35號 ,12300000,25.36,47.40,2/4,"",,,,,97,2021-03-26 13:56:40.766178,2021-03-26 13:56:40.766178,自訂,,,2019,11
230,大同區重慶北路三段9巷16~20號 總價：,11000000,24.20,36.50,4/5,"",,,,,97,2021-03-26 13:56:40.780699,2021-03-26 13:56:40.780699,自訂,,,2020,4
211,七甲里南潭二街99巷38弄7號,8600000,48.68,9.00,全/3,"",,,,,126,2021-03-18 13:58:11.852712,2021-03-18 13:58:40.640304,自訂,,,2020,7
214,光華街217號,6250000,45.25,40.00,全/3,"",,,,,127,2021-03-18 14:17:26.853465,2021-03-18 14:17:26.853465,自訂,,,2020,9
215,光華街102號	,2500000,16.97,49.00,全/2,"",,,,,127,2021-03-18 14:17:26.857704,2021-03-18 14:17:26.857704,自訂,,,2020,9
216,中正路161巷1弄5號 ,7000000,25.93,39.00,4/5,"",,,,,129,2021-03-18 14:50:14.071908,2021-03-18 14:50:14.071908,自訂,,,2020,10
217,中正路232號,7200000,32.74,37.00,3/5,"",,,,,129,2021-03-18 14:50:14.073362,2021-03-18 14:50:14.073362,自訂,,,2020,6
210,安樂三街40巷1~30號,3500000,31.88,40.00,2,"",曾昱銓,曾友志,0.97,1.00,125,2021-03-18 09:49:05.207331,2021-03-19 03:24:23.46248,自訂,"",不加成,2020,4
218,北花里中正路113巷27號,4500000,68.59,30.00,3,"",,,,,130,2021-03-19 14:33:57.584341,2021-03-19 14:33:57.584341,自訂,,,2020,6
219,北花里中正路73巷38弄15號,3000000,44.34,24.00,3,"",,,,,130,2021-03-19 14:39:21.791339,2021-03-19 14:39:21.791339,自訂,,,2019,5
236,中正路99巷12號3F,9850000,31.22,20.00,3/8,"",,,,,140,2021-03-28 13:29:41.990701,2021-03-28 13:29:41.990701,自訂,,,2019,5
224,南門路48巷16號 108/10	 ,5280000,40.52,37.00,3/4,https://drive.google.com/file/d/1-o50T3cgXgLQZF3WOsrEHzivUTohGmAv/view?usp=drivesdk,劉家彰,曾友和,1.16,0.99,132,2021-03-26 09:40:08.190164,2021-03-27 08:17:46.125715,自訂,屋況1.0、路寬1.0、臨路1.0、樓層1.05、增值1.1,屋況0.9、 樓層臨路1.1、聯外交通1,2019,10
220,中平九街91~120號6/9F,5380000,39.86,29.00,9,"",曾昱銓,,0.85,,133,2021-03-19 19:35:46.311399,2021-03-19 19:36:28.647115,自訂,"",,2020,9
212,南潭二街99巷16弄10號,8300000,48.68,9.00,全/3,"",曾友和,劉家彰,0.80,1.08,126,2021-03-18 13:58:11.854952,2021-03-19 23:43:19.287158,自訂,屋況0.8、臨路1、聯外交通1,屋況0.9、路寬1.0、臨路1.2,2020,5
52, 大安街211~240號(230號),6300000,32.59,39.00,全/2(109/4),"",,,,,30,2020-08-25 10:34:58.553391,2021-04-13 17:06:26.378987,自訂,,,"",""
231,美崙街86巷8號,13200000,14.31,53.00,2/2,"",,,,,137,2021-03-26 14:39:44.617905,2021-03-26 14:45:10.398398,自訂,,,2019,9
233,南京西路185巷26號 108/12	 ,10500000,12.06,0.00,全/1,"",,,,,139,2021-03-26 15:07:47.722383,2021-03-26 15:07:47.722383,自訂,,,2019,12
235,西寧北路69-1號 109/1	 ,69000000,85.67,0.00,全/4,"",,,,,139,2021-03-26 15:07:47.730503,2021-03-26 15:07:47.730503,自訂,,,2020,1
11,安南區安通路四段119巷27弄1~30號,7000000,34.66,38.00,透天,https://evertrust.yungching.com.tw/region/%E5%8F%B0%E5%8D%97%E5%B8%82/%E5%AE%89%E5%8D%97%E5%8D%80?kw=%E5%AE%89%E9%80%9A%E8%B7%AF%E5%9B%9B%E6%AE%B5,曾友和,曾昱銓,1.00,1.00,6,2020-07-20 07:55:42.564402,2021-04-13 17:07:50.619889,自訂,"","","",""
238,南門路44巷10之1號,4520000,34.84,37.00,"",https://www.houseplus.tw/m/estimation,,,,,132,2021-04-12 10:48:48.45066,2021-04-12 10:51:45.418456,仲介,,,"",""
213,中正北路二段150號,7580000,52.28,27.00,全/4,"",曾友和,劉家彰,0.98,0.94,126,2021-03-18 14:02:37.441715,2021-03-19 23:55:34.015242,自訂,屋況1.0、臨路0.9、聯外0.9、似親友價1.2,屋況1.0、估價1.1、路寬0.9、臨路0.95,2020,12
221,西灣里大灣路942巷591號,8500000,43.13,30.00,全/2,"",,,,,128,2021-03-26 09:26:00.96278,2021-03-26 09:26:00.96278,自訂,,,2020,3
222,永華路233巷37號 109/6	 ,12000000,69.50,29.00,全/4,"",,,,,128,2021-03-26 09:26:00.966845,2021-03-26 09:26:16.154688,自訂,,,2020,6
226,-金華路二段9巷5號,2600000,22.89,42.00,4/4,https://drive.google.com/file/d/1cnHHezkWkoArPGDNoLdke5etPo8yUxNn/view?usp=sharing,曾友和,劉家彰,0.93,1.05,135,2021-03-26 10:06:28.793232,2021-03-28 12:39:23.481733,自訂,屋況0.85、臨路1.1、聯外交通1,屋況1.0、路寬1.1、頂加0.95、臨路1.0,2020,7
225,-金華路二段21巷7號,2830000,23.14,42.00,4/4,https://drive.google.com/file/d/1H30G7VTLW2UrPcJwqD3Kut0SXi7eziJx/view?usp=sharing,曾友和,劉家彰,0.93,0.94,135,2021-03-26 10:06:28.791421,2021-03-28 12:39:23.484737,自訂,屋況0.85、臨路1.1、聯外交通1	,屋況0.9、路寬1.1、頂加0.95、臨路1.0,2020,8
223,南門路44巷15號 109/7	 ,5350000,38.86,37.00,3/4,https://drive.google.com/file/d/1ePp9keyUmVypLIKVW9qY-S2eAb5G62-s/view?usp=sharing,劉家彰,曾友和,1.05,0.99,132,2021-03-26 09:36:10.438617,2021-03-28 12:48:20.336336,自訂,屋況1.0、路寬1.0、臨路1.0、樓層1.05,屋況0.9、 樓層臨路1.1、聯外交通1	,2020,7
239,好時價,3970000,34.16,,"","",,,,,119,2021-04-13 10:43:31.747094,2021-04-13 10:44:01.557059,仲介,,,"",""
237,好時價,2500000,22.89,42.00,"","",,,,,135,2021-04-12 10:21:11.371891,2021-04-13 10:49:15.542117,自訂,,,"",""
232,文林路587巷1~30號,11600000,26.96,50.00,2/3,"",,,,,137,2021-03-26 14:44:18.577441,2021-04-13 15:01:29.331693,自訂,,,2020,4
242,好時價,11190000,21.63,50.00,"","",,,,,142,2021-04-13 15:01:47.400639,2021-04-13 15:01:47.400639,仲介,,,"",""
243,好時價,11190000,21.63,,"","",,,,,137,2021-04-13 15:02:47.507491,2021-04-13 15:03:13.007056,仲介,,,"",""
244,好時價,10660000,23.29,50.00,"","",,,,,88,2021-04-13 15:24:54.277687,2021-04-13 15:24:54.277687,仲介,,,"",""
47,成功路600巷39弄1~30號(1號)105年3月,3000000,23.48,44.00,2,https://drive.google.com/folderview?id=1fb_3B6YTM-B8Dmi8lvQD1SffqgCeWSKH,曾友和,劉家彰,1.05,0.97,29,2020-08-21 08:34:15.973235,2021-04-13 16:31:28.082534,自訂,無尾巷 巷尾 有空間 可利用,屋況舊(-0.02)、無尾巷尾(-0.01),"",""
48,文賢路218巷10弄1~30號 (6號)109/2,4330000,24.24,47.00,2,https://drive.google.com/folderview?id=1fb_3B6YTM-B8Dmi8lvQD1SffqgCeWSKH,曾友和,劉家彰,0.75,0.95,29,2020-08-21 08:34:15.976584,2021-04-13 16:31:28.084161,自訂,臨路寬度 比較,進出位置較麻煩(-0.05)、屋況差不多(0),"",""
20,板橋區懷德街91~120號,9500000,25.62,46.60,3/4,"https://www.google.com.tw/maps/place/220%E6%96%B0%E5%8C%97%E5%B8%82%E6%9D%BF%E6%A9%8B%E5%8D%80%E6%87%B7%E5%BE%B7%E8%A1%9791%E8%99%9F/@25.0316992,121.4781761,3a,75y,344.67h,93.72t/data=!3m7!1e1!3m5!1sGGy9DCFqu95RE2EokApw0A!2e0!6s%2F%2Fgeo1.ggpht.com%2Fcbk%3Fpanoid%3DGGy9DCFqu95RE2EokApw0A%26output%3Dthumbnail%26cb_client%3Dsearch.gws-prod.gps%26thumb%3D2%26w%3D86%26h%3D86%26yaw%3D17.913296%26pitch%3D0%26thumbfov%3D100!7i16384!8i8192!4m5!3m4!1s0x3442a845c13b7cd9:0xb352895716a9a73a!8m2!3d25.0318411!4d121.4782099",,,,,10,2020-07-20 08:12:54.702649,2021-04-14 04:38:27.771925,自訂,,,"",""
245,好時價,10680000,32.71,,"","",,,,,82,2021-04-14 15:02:40.417481,2021-04-14 15:02:40.417481,仲介,,,"",""
246,好時價,4640000,26.14,,"","",,,,,100,2021-04-14 15:08:48.020431,2021-04-14 15:08:48.020431,仲介,,,"",""
247,好時價,5900000,21.00,,"","",,,,,96,2021-04-14 15:24:15.744084,2021-04-14 15:25:34.087127,仲介,,,"",""
249,新北市三重區自強路四段31巷30號5樓,6160000,22.00,40.00,5/5,"",,,,,143,2021-04-18 14:14:59.947156,2021-04-18 14:14:59.947156,仲介,,,"",""
248,三重區自強路四段31巷2號,8000000,25.71,39.20,4/5,"",,,,,143,2021-04-18 14:14:59.941451,2021-04-18 14:32:25.222395,自訂,,,2020,11
250,-自強路四段31巷10號	,7100000,23.60,39.00,5/5,"",,,,,143,2021-04-18 14:32:25.226998,2021-04-18 14:32:25.226998,自訂,,,2020,8
253,中山路一段206巷117號2樓,8110000,21.70,,"","",,,,,144,2021-04-19 08:31:44.876633,2021-04-19 08:31:44.876633,仲介,,,"",""
277,嘉義市溪興街231巷22弄28號,5300000,38.37,35.50,1/2,"",劉家彰,曾友和,1.20,1.20,148,2021-05-04 14:06:48.833119,2021-06-14 01:33:40.127918,自訂,屋況1.0、漲幅1.2、臨路1.0、路寬1.0,屋況（1.2、 時間加成）臨路（1）對外交通（1,2019,10
289,西區國城三街18號4樓之2,3730000,35.00,27.00,8,"",,,,,163,2021-06-03 09:27:08.324435,2021-06-14 01:40:12.410522,仲介,,,2020,12
252,中山路一段206巷101號	,11000000,28.88,39.00,4/5,"",張浩文,曾友和,1.10,1.05,144,2021-04-18 15:02:03.764969,2021-04-19 08:38:08.865347,自訂,目標物件在二樓較便利,屋況（採光-0.05、樓層+0.1）、臨路（+0）、聯外交通（+0）,2019,9
290,國城三街22號3樓,3750000,38.10,27.00,8,https://market.591.com.tw/3022253?regionId=12&sectionId=373,劉家彰,曾友和,1.00,1.00,163,2021-06-03 10:09:19.855711,2021-06-14 01:39:47.601871,自訂,"",屋況（1.0、 時間加成）臨路（1）對外交通（1,2020,9
251,中山路一段206巷105號,10700000,27.82,37.00,4/5,"",張浩文,曾友和,1.10,1.05,144,2021-04-18 15:02:03.763249,2021-04-19 08:38:56.759205,自訂,目標物件在二樓較便利,屋況（採光-0.05、樓層+0.1）、臨路（+0）、聯外交通（+0）,2019,7
254,好時偠,5350000,51.28,,"","",,,,,116,2021-04-20 02:12:29.653256,2021-04-20 02:12:29.653256,仲介,,,"",""
255,忠仁里10鄰忠仁街113巷3號  	44.10,4700000,44.10,30.00,全/3,"",,,,,116,2021-04-20 06:21:25.603118,2021-04-20 06:21:25.603118,自訂,,,2020,10
256,建平七街677號三樓之16,4000000,29.00,26.00,3,"",,,,,138,2021-04-21 01:28:57.634166,2021-04-21 01:28:57.634166,仲介,,,"",""
257,建平七街661-900號11樓,4800000,39.42,26.00,12,"",,,,,138,2021-04-21 01:28:57.638447,2021-04-21 01:28:57.638447,自訂,,,2020,7
258,建平七街661-900號4樓,5100000,40.06,26.00,12,"",,,,,138,2021-04-21 01:28:57.641922,2021-04-21 01:28:57.641922,自訂,,,2020,7
241,美崙街86巷8號,13200000,14.31,53.00,2/2,https://drive.google.com/file/d/1XxMsmrYoI4tGIkxE-NXVr1CjJ9KyiCPA/view?usp=sharing,,,,,142,2021-04-13 14:56:44.640892,2021-04-21 14:24:51.045702,自訂,,,2019,9
240,文林路587巷1~30號,11600000,26.96,50.00,2/3,https://drive.google.com/file/d/1XxMsmrYoI4tGIkxE-NXVr1CjJ9KyiCPA/view?usp=sharing,,,,,142,2021-04-13 14:56:44.638891,2021-04-21 14:37:02.927685,自訂,,,2020,4
259,士林區士東路46巷46~50號,14800000,27.17,36.70,2/5,"",,,,,145,2021-04-21 15:01:07.934565,2021-04-21 15:01:07.934565,自訂,,,2020,11
260,士林區忠誠路二段70巷13弄1~5號,21000000,39.29,39.70,3/5,"",,,,,145,2021-04-21 15:01:07.936394,2021-04-21 15:01:07.936394,自訂,,,2019,11
261,好時價,19010000,37.42,,"","",,,,,145,2021-04-22 14:22:00.750533,2021-04-22 14:22:00.750533,仲介,,,"",""
262,新營區新進路二段445巷1~30號,6380000,46.90,31.50,1/3,"",,,,,146,2021-04-22 14:41:20.69367,2021-04-22 14:41:20.69367,自訂,,,2019,8
264,好時價,3850000,37.69,42.00,"","",,,,,146,2021-04-22 14:41:20.708236,2021-04-22 14:44:56.555241,仲介,,,"",""
263,新營區新進路二段445巷1~30號,9380000,46.90,32.10,1/3,"",,,,,146,2021-04-22 14:41:20.706849,2021-04-22 14:44:56.558713,自訂,,,2020,3
265,109/02公寓  東區長榮路二段24巷48弄1~30號,2380000,29.16,32.90,5/5,＿,,,,,147,2021-04-22 16:03:40.904472,2021-04-22 16:07:19.721502,自訂,,,2020,2
283,保泰路181~210號,13000000,48.22,42.00,4,"",曾昱銓,,0.69,,154,2021-05-04 16:49:20.766128,2021-05-04 16:50:13.058192,自訂,"",,2019,11
266,好時價,2470000,22.44,42.00,"",22.44,,,,,147,2021-04-22 16:03:40.908617,2021-04-22 16:08:31.156743,仲介,,,"",""
268,好時價,5480000,26.81,,"","",,,,,114,2021-04-27 14:19:38.973534,2021-04-27 14:19:38.973534,仲介,,,"",""
269,嘉義市溪興街231巷20弄9號,6480000,40.00,20.00,2,"",,,,,148,2021-04-28 03:40:23.085855,2021-04-28 03:40:23.085855,仲介,,,"",""
273,好時價,3980000,30.00,,"","",,,,,150,2021-04-30 15:35:22.06036,2021-04-30 15:35:22.06036,仲介,,,"",""
274,中芸路61~90號,2500000,26.98,37.00,2,"",曾昱銓,曾友志,0.65,1.00,151,2021-05-02 13:12:20.155761,2021-05-04 17:16:17.190269,自訂,"",不加成,2019,7
270,嘉義市文化路694 巷29弄26號,4880000,31.00,42.00,3,"",,,,,149,2021-04-28 03:49:46.375697,2021-06-14 01:24:18.134321,仲介,,,"",""
272,南區鯤鯓路232巷44號,2870000,23.35,40.20,1/2,"",曾友和,劉家彰,0.72,0.97,150,2021-04-30 15:35:22.055078,2021-05-01 00:53:25.361421,自訂,屋況0.9、臨路0.8、聯外交通1,屋況1.2、臨路0.9、路寬0.9、增建1.0,2020,10
271,南區鯤鯓路232巷40號,2650000,23.35,39.90,1/2,"",曾友和,劉家彰,0.72,0.97,150,2021-04-30 15:35:22.049733,2021-05-01 00:54:06.190316,自訂,屋況0.9、臨路0.8、聯外交通1,屋況1.2、臨路0.9、路寬0.9、增建1.0,2020,7
280,好時價,11500000,57.00,40.00,2/2,"",,,,,152,2021-05-04 14:29:57.782824,2021-06-14 01:51:22.536468,自訂,,,"",""
288,西區國城三街18號6樓之2,4200000,35.12,27.00,8,"",劉家彰,曾友和,1.00,1.00,163,2021-06-03 09:27:08.322561,2021-06-14 01:42:35.376054,自訂,"",加成1.0）臨路（1）對外交通（1,2020,4
278,嘉義市溪興街231巷22弄30號,7000000,49.91,36.70,1/2,"",劉家彰,曾友和,1.10,1.10,148,2021-05-04 14:06:48.836941,2021-06-14 01:33:47.007786,自訂,屋況1.0、漲幅1.1、臨路1.0、路寬1.0,屋況（1.1、 時間加成）臨路（1）對外交通（1）,2020,12
281,好時價,6910000,60.50,,"","",,,,,153,2021-05-04 14:47:33.107404,2021-05-04 14:47:33.107404,仲介,,,"",""
284,嘉義市國城三街1~30號,3750000,38.11,26.40,3/8,"",,,,,155,2021-05-12 13:59:31.760747,2021-05-12 13:59:31.760747,自訂,,,2020,6
275,嘉義市文化路694巷13號,4250000,21.42,42.40,1/2,https://drive.google.com/file/d/1jEruEmEScrIo5TZPPhGJZfYTMrvPzG4t,劉家彰,曾友和,0.65,0.70,149,2021-05-04 13:55:20.132558,2021-06-14 01:20:40.083767,自訂,屋況增建*0.68、路寬1.0、臨路0.95,屋況（增建0.67）、臨路1、對外交通1,2020,10
285,好時價,4210000,35.00,,"","",,,,,155,2021-05-12 13:59:31.765215,2021-05-12 13:59:31.765215,自訂,,,"",""
286,新興路91巷14號,6240000,28.00,36.00,2,"",,,,,161,2021-05-20 14:54:12.719182,2021-05-20 14:54:12.719182,仲介,,,2020,12
287,臺南市南區新建路43巷13之1號,2780000,26.00,36.00,2,"",,,,,160,2021-05-20 15:05:53.082832,2021-05-20 15:05:53.082832,仲介,,,2020,12
282,嘉義市林森東路721~750號,5400000,52.97,16.30,6/13,"",曾友和,劉家彰,1.20,1.20,153,2021-05-04 14:50:29.598332,2021-06-14 01:55:38.221849,自訂,屋況（ 時間 加成1.2）臨路（1）對外交通（1,屋況1.0、漲幅1.2,2019,6
293,台南市中西區民生路2段215、217號,13360000,64.43,45.00,2,"",,,,,166,2021-06-19 15:02:56.37961,2021-06-19 15:02:56.37961,仲介,,,"",""
291,台南市新營區新進路二段445巷6號,3380000,43.00,42.00,2,"",劉家彰,曾友和,1.40,1.40,131,2021-06-14 02:16:45.946418,2021-06-14 02:25:32.493486,自訂,屋況1.0、臨路1.0、漲幅1.4、路寬1.0,房屋現況 1.4、 臨路寬度 1.0、 對外聯絡,2017,12
292,台南市新營區新進路二段445巷4號,4730000,43.00,42.00,2,"",,,,,131,2021-06-14 02:16:45.950576,2021-06-14 02:20:34.403439,自訂,,,"",""
295,民生路二段184號,26000000,134.84,50.70,1/3,"",,,,,166,2021-06-19 15:02:56.383025,2021-06-19 15:38:04.410611,自訂,,,2020,11
294,民生路二段234號,14000000,85.72,60.50,1/3,"",,,,,166,2021-06-19 15:02:56.381722,2021-06-19 15:38:04.413583,自訂,,,2020,8
296,河中街40號,11800000,102.75,54.00,3,"",,,,,166,2021-06-19 15:38:04.416261,2021-06-19 15:38:04.416261,自訂,,,2020,6
323,"北區自強段1424-3地號(23.00053,120.20403)60600",3530000,8.47,,"","",曾友和,劉家彰,0.81,0.99,175,2021-07-23 13:52:54.7134,2021-07-26 00:39:06.374932,自訂,地況0.9、臨路（0.9）、聯外交通1,地況0.9、臨路1.0、路寬1.0、大小利用度1.1,2019,9
329,嘉義市成功東街52巷10號,2100000,21.00,57.00,2,"",,,,,177,2021-07-25 07:30:06.133196,2021-07-25 07:34:10.903324,自訂,,,2020,2
313,新港鄉宮前村18鄰登雲路17號,5200000,22.95,58.00,2,"",劉家彰,曾友和,0.76,0.64,171,2021-07-16 05:01:34.97645,2021-07-19 00:37:03.054838,自訂,屋況1.0、臨路0.8、路寬0.95、增值1.0,屋況0.9、臨路心0.9、對外交通0.8,"",4
328,嘉義市成功東街52巷1號,2900000,21.00,57.00,2,"",,,,,177,2021-07-25 07:30:06.128958,2021-07-25 07:35:19.05471,自訂,,,"",3
299,台南市東區青年路237號,8660000,50.00,40.00,"","",曾友和,劉家彰,1.20,1.20,167,2021-06-25 11:42:46.424691,2021-06-26 00:44:35.96225,自訂,鐵路地下化增值,增值1.2,"",""
324,嘉義市中正路185 巷17號,14160000,86.30,38.00,3,"",劉家彰,,0.30,,176,2021-07-25 06:55:11.94249,2021-07-25 07:05:15.429422,仲介,無土地0.3,,"",""
298,前鋒路27號	,12800000,50.47,44.00,全/3,"",曾友和,劉家彰,0.97,0.99,167,2021-06-25 11:38:03.181232,2021-06-26 00:46:57.043905,自訂,屋況0.8、臨路1.1、對外1.1,路寬1.1、臨路1.0、屋況0.9,2020,12
303,新興路91巷10號,4080000,20.69,47.00,2,"",,,,,161,2021-06-30 04:19:47.234462,2021-06-30 04:19:47.234462,自訂,,,"",1
304,臺南市東山區東山里東山263號,6770000,62.00,30.00,2,"",,,,,169,2021-07-01 06:27:44.259408,2021-07-01 06:27:44.259408,仲介,,,"",""
305,東山區東山里２４２之１３號,7000000,17.71,28.00,1,"",,,,,169,2021-07-01 06:27:44.263863,2021-07-01 06:27:44.263863,自訂,,,2020,9
306,東山里東山２１７之７號,2350000,26.43,,2,"",,,,,169,2021-07-01 06:34:16.621563,2021-07-01 06:34:16.621563,自訂,,,2020,9
307,東山里７鄰東山３１５之１６號,7780000,72.46,1.00,3,"",,,,,169,2021-07-01 06:37:48.706717,2021-07-01 06:37:48.706717,自訂,,,2020,8
311,嘉義市西區玉山路94巷232弄49號,8320000,79.64,43.00,3,"",,,,,164,2021-07-01 13:39:14.215786,2021-07-01 13:39:14.215786,仲介,,,"",""
318,通山路84巷28號,13980000,77.87,10.00,4,"",曾昱銓,曾友志,0.92,1.00,173,2021-07-18 14:55:45.255969,2021-07-18 16:29:24.549052,自訂,"",依專案負責人評估不加成,2020,4
302,台南市安南區安通路四段119巷27弄1號,6520000,43.00,40.00,"","",,,,,168,2021-06-25 12:00:00.854532,2021-07-03 00:04:28.846409,自訂,,,"",""
314,新港鄉宮後村23鄰古民街34之3號,5500000,43.46,41.00,2,"",劉家彰,曾友和,0.72,0.80,171,2021-07-16 05:17:53.554229,2021-07-19 00:41:10.699357,自訂,屋況1.0、臨路0.8、路寬0.9、增值1.0,屋況1.0、臨路0.9、對外交通0.9,"",4
300,安通路四段109巷2號,6000000,43.43,40.00,全/2,"",曾友和,劉家彰,1.21,1.21,168,2021-06-25 11:56:51.775525,2021-07-03 00:11:16.798953,自訂,屋況1.1臨路1.1聯外交通1,屋況1.1、路寬1、臨路1、增值1.1,2020,10
301,安通一街19號,3750000,20.52,39.00,全/2,"",曾友和,劉家彰,0.90,0.92,168,2021-06-25 11:56:51.779638,2021-07-03 00:12:41.241194,自訂,屋況1臨路0.95聯外交通0.95,屋況1、路寬0.95、臨路0.9、增值1.08,2020,6
322,"中西區赤崁段386地號(22.99778,120.20196)36700",10000000,27.40,,"","",曾友和,劉家彰,0.99,1.09,175,2021-07-23 13:52:54.707771,2021-07-26 00:42:26.289141,自訂,地況0.9、臨路1、聯外交通1.1,地況0.9、臨路1.1、路寬1.1、大小利用度1.0,2019,12
308,臺南市東山區東仁街38巷7號,2430000,33.00,35.00,2,"",,,,,170,2021-07-01 11:33:59.528104,2021-07-03 00:26:57.851127,仲介,,,"",""
310,東中里和平街２７號,3850000,55.36,28.00,3,https://drive.google.com/file/d/1ZY_K_HGf0gi_wcFJf3wCfHkDMbCfr39g/view?usp=drivesdk,劉家彰,曾友和,0.91,0.92,170,2021-07-01 11:43:02.967341,2021-07-03 04:15:53.00118,自訂,屋況0.8、路寬0.95、臨路1、增值1.2,屋況0.85、臨路0.9 聯外交通1、增值1.2,2019,7
312,嘉義縣新港鄉宮 前村古民街8巷39 號,5280000,42.00,30.00,3,"",,,,,171,2021-07-15 23:51:50.460041,2021-07-15 23:58:17.320973,自訂,,,"",""
330,嘉義市五顯街101 巷29號,4840000,47.00,30.00,4,"",,,,,178,2021-07-25 07:45:55.812123,2021-07-25 07:45:55.812123,仲介,,,"",""
315,好時價,6590000,25.35,45.00,"","",,,,,172,2021-07-18 13:49:10.925732,2021-07-18 13:49:10.925732,仲介,,,"",""
317,東區裕文路22巷10號,8000000,37.84,39.50,1/2,"",曾友和,劉家彰,1.43,1.25,172,2021-07-18 13:49:10.933793,2021-07-19 00:24:57.590141,自訂,屋況1.3、臨路1.0、對外交通1.1,屋況0.95、臨路1.1、路寬1.0、增值1.2,2019,10
319,台南市佳里區忠仁里11鄰新生路85巷5號,2550000,22.00,,"",https://drive.google.com/file/d/1XcZYYHe9ydchQImY2-c_nCwKSD68ai91/view?usp=sharing,,,,,174,2021-07-21 23:45:14.096323,2021-07-24 14:43:31.76109,自訂,,,"",""
321,佳里區信義一街418巷11號,3000000,26.02,44.30,1/2,"",,劉家彰,,1.16,174,2021-07-21 23:45:14.105697,2021-07-25 06:29:22.074335,自訂,,增值1.05、屋況1.0、臨路1.0、路寬1.0、增建1.1,2020,10
316,東區東成街131巷12弄5號,8600000,40.48,40.30,1/2,"",曾友和,劉家彰,1.17,0.97,172,2021-07-18 13:49:10.930143,2021-07-19 00:27:42.085885,自訂,屋況1.3、臨路0.9、對外交通1,屋況0.95、臨路0.9、路寬0.95、增值1.2,2019,9
320,110/04透天厝  佳里區興中街71巷10號,4000000,39.54,46.00,1/3,https://drive.google.com/file/d/1Xa98l3C6LEx6h18xGgggrZwSRMNnI46a/view?usp=sharing,,劉家彰,,1.21,174,2021-07-21 23:45:14.103894,2021-07-25 06:38:31.546896,自訂,,增值1、屋況1.0、臨路1.0、路寬1.1、增建1.1 ,"",""
326,嘉義市中正路185 巷21號 ,3050000,31.61,46.00,3,土地約10坪,劉家彰,,0.30,,176,2021-07-25 07:10:49.591232,2021-07-25 07:11:31.431287,自訂,無土地0.3,,2020,7
325,嘉義市中正路185 巷15號,2000000,21.11,46.00,2,"特殊關係間之交易, 土地才4.54坪",劉家彰,,0.30,,176,2021-07-25 07:05:15.432363,2021-07-25 07:11:51.287429,自訂,無土地0.3,,2020,12
327,嘉義市成功東街52巷8號,3000000,20.00,57.00,2,"",,,,,177,2021-07-25 07:24:40.380588,2021-07-25 07:30:06.125419,仲介,,,"",""
332,台南市安南區長溪路二段643巷25號,4630000,35.65,,"","",,,,,181,2021-07-30 14:25:10.307655,2021-07-30 14:30:05.396303,自訂,,,"",""
331,南龍路３７號,1800000,16.24,46.00,1,"",曾昱銓,曾友志,0.48,1.00,179,2021-07-30 12:21:40.56286,2021-07-30 13:01:47.320206,自訂,"",不加成,2019,8
338,台南市北區大興街280巷34弄17號,12340000,36.46,,"","",,,,,180,2021-07-31 01:10:04.915673,2021-07-31 01:10:04.915673,自訂,,,"",""
339,北區大興街280巷47號,5800000,28.56,39.30,1/2,"",,,,,180,2021-07-31 01:10:04.920585,2021-07-31 01:10:04.920585,自訂,,,2020,7
340,北區大興街280巷47號,4600000,28.56,39.00,1/2,"",,,,,180,2021-07-31 01:10:04.925063,2021-07-31 01:10:04.925063,自訂,,,2020,4
333,安南區長溪路二段483巷21弄9號,5300000,29.77,39.40,1/3,"",曾友和,劉家彰,0.90,0.94,181,2021-07-30 14:30:05.407245,2021-08-02 11:39:09.547368,自訂,屋況0.9、臨路、聯外1.0、增值1.0,屋況0.95、臨路0.9、路寬1.0、增值1.1,2020,3
341,北區大興街246巷38弄19號 (110/03),7380000,27.65,39.40,1/2,"",,,,,180,2021-07-31 01:10:04.93071,2021-07-31 01:10:04.93071,自訂,,,"",""
335,台南市安南區海佃路四段490巷30弄31號,5690000,57.08,,"","",,,,,182,2021-07-30 14:39:22.285602,2021-08-02 04:17:21.477882,自訂,,,"",""
336,安南區海佃路四段388巷67弄21之8號(2021/6),6250000,38.70,26.30,1/3,"",曾友和,劉家彰,1.20,1.26,182,2021-07-30 14:39:22.289996,2021-08-02 04:23:53.774754,自訂,屋況1.0、臨路1.2、路寬1.0、增值1.05,	屋況1.0、臨路1.2、路寬1.0、增值1.05、增建1.0,2020,6
334,安南區長溪路二段483巷21弄4號,4800000,30.20,39.90,1/2,"",曾友和,劉家彰,0.90,0.99,181,2021-07-30 14:30:05.409081,2021-08-02 11:36:43.684962,自訂,屋況0.9、臨路、聯外1.0、增值1.0,屋況1.0、臨路0.9、路寬1.0、增值1.1,2020,11
342,榮耀街５３之１號十五樓,9400000,38.33,21.00,15,"",曾昱銓,,1.36,,183,2021-08-04 12:47:13.852141,2021-08-04 12:51:01.251126,自訂,"",,2020,1
